{"mtx1": [[909.3913683667777, 0.0, 673.6112553153732], [0.0, 912.1989010647866, 418.6235371459641], [0.0, 0.0, 1.0]], "dist1": [[-0.0675393990345726, 0.6576983773271406, 0.010437797125232157, 0.010724753182473158, -1.3573659559564273]], "mtx2": [[921.85559549232, 0.0, 637.5827384229643], [0.0, 915.698871212909, 408.7649487407496], [0.0, 0.0, 1.0]], "dist2": [[-0.031359957807838124, 0.4317771606660793, 0.0050825509163572235, -0.00014270325260594657, -1.0608806476891652]], "R": [[0.999397373574319, -0.0008451655482893694, 0.03470123035209233], [0.00044501701418274284, 0.9999333434902128, 0.011537353957521736], [-0.03470866826327505, -0.01151495860522474, 0.9993311333465549]], "T": [[-3.8040774763370098], [-0.015766555150254925], [0.5338176352066724]]}